{
  "id": "138970f6-a9aa-48ec-b9f1-c6e3e8ffa859",
  "name": "Send email to 123456@qq.com when submitted",
  "form": "d992bcd3-190a-4e06-aecc-a83de0398097",
  "active": true,
  "workflowTypeId": "e96badd7-05be-4978-b8d9-b3d733de70a5",
  "executesOn": "Submitted",
  "settings": {
    "Email": "123456@qq.com",
    "Subject": "the form  was submitted",
    "Message": "the form  was submitted, this is the list of values it contained, you can turn this email off under workflows in Umbraco Contour"
  },
  "sortOrder": 0
}